<?xml version="1.0" encoding="utf-8" ?>

<component name="MainListPanel" extends="ListPanel" >
  <script type="text/brightscript" uri="pkg:/components/examples/MainListPanel.brs"/>
  <children>
    <LabelList id="componentList">
      <ContentNode role="Content">
        <ContentNode title="ArcInterpolator" />
        <ContentNode title="CardRotator" />
        <ContentNode title="CardZoomDiagonal" />
        <ContentNode title="CardZoomRotary" />
        <ContentNode title="DatePicker"/>
        <ContentNode title="DisappearingLogo" />
        <ContentNode title="DisappearingNavBar" />
        <ContentNode title="HorizontalCardRotator" />
        <ContentNode title="HorizontalNavBar" />
        <ContentNode title="RandomColoredFontList" />
        <ContentNode title="RandomColoredList" />
        <ContentNode title="ResizeList" />
        <ContentNode title="Ticker" />
        <ContentNode title="TiledBackground" />
        <!-- <ContentNode title="Next" /> -->
      </ContentNode>
    </LabelList>
  </children>
</component>