<?xml version="1.0" encoding="utf-8" ?>
<component name="CardRotatorItem" extends="Group" >
    <script type="text/brightscript" uri="CardRotatorItem.brs" />
    <interface>
        <field id="itemContent" type="node" onChange="itemContentChanged" />
        <field id="currRect" type="rect2d" onChange="currRectChanged" />
    </interface>
    <children>
        <Rectangle id="cardRotatorRectangle" color="#808080">
            <Poster id="cardPoster" />
            <Label id="cardRotatorLabel" translation="[5, 5]" />
        </Rectangle>
    </children>
</component>