<?xml version="1.0" encoding="utf-8" ?>

<component name="CircularImageClip" extends="Group" >
  <script type="text/brightscript" uri="pkg:/components/styled-components/CircularImageClip/CircularImageClip.brs"/>
  <interface >
    <field id="height" type="int" value="0" onChange="setHeight"/>
    <field id="width" type="int" value="0" onChange="setWidth"/>
    <field id="imageUri" type="uri" onChange="setPath"/>
  </interface>
  <children>
    <MaskGroup
      id = "circleChopMaskGroup"
      maskuri = "pkg:/images/circle-crop.png"
    >
      <Poster
        id = "circleChopPoster"
      />
    </MaskGroup>
  </children>
</component>