<?xml version="1.0" encoding="utf-8" ?>

<component name="BounceEffect" extends="Group" >
  <script type="text/brightscript" uri="pkg:/components/animations/BounceEffect/BounceEffect.brs"/>
  <interface>
    <field id="imageUri" type="uri" onChange="imageUriSet" />
    <field id="startPoint" type="intarray" value="[0, 0]" onChange="setAnimation" />
    <field id="maxHeight" type="int" value="50" onChange="setAnimation" />
    <field id="bounceType" type="string" value="descending" onChange="setAnimation"/>
    <field id="totalBounces" type="int" value="3" onChange="setAnimation"/>
    <field id="duration" type="int" value="3" onChange="durationSet"/>
    <field id="repeat" type="boolean" value="false" onChange="repeatSet"/>
  </interface>
  <children>
    <Poster id="BouncingItem"/>
    <Animation
      id="ItemMover"
      easeFunction="outQuad"
    >
      <Vector2DFieldInterpolator
        id="ItemInterp" 
	      fieldToInterp="BouncingItem.translation" 
		  />
    </Animation>
  </children>
</component>